embedding,dimensionality,pca_applied,classifier,k_folds,cv_accuracy_mean,cv_precision_mean,cv_recall_mean,cv_f1_mean,cv_fit_time_mean,cv_accuracy_std,cv_precision_std,cv_recall_std,cv_f1_std,cv_fit_time_std
word2vec,200,no,svm,5,0.9411999999999999,0.9417583970924603,0.9406410256410256,0.9410399443089539,1.43461012840271,0.004791659420284327,0.004695990069025988,0.00489698069773382,0.004818303100100175,0.013539563524886439
