embedding,dimensionality,pca_applied,classifier,k_folds,cv_accuracy_mean,cv_precision_mean,cv_recall_mean,cv_f1_mean,cv_fit_time_mean,cv_accuracy_std,cv_precision_std,cv_recall_std,cv_f1_std,cv_fit_time_std
bert,768,no,lr,5,0.9453999999999999,0.9456674696987374,0.9450801282051282,0.9452782603532128,0.2568823337554932,0.005314132102234573,0.0050248384940963856,0.005607966942497032,0.005358708883783044,0.05619043992931928
